{"v":"5.5.7","fr":29.9700012207031,"ip":0,"op":120.0000048877,"w":1920,"h":1080,"nm":"Comp 1","ddd":0,"assets":[],"layers":[{"ddd":0,"ind":1,"ty":4,"nm":"Forklift Outlines","sr":1,"ks":{"o":{"a":0,"k":100,"ix":11},"r":{"a":1,"k":[{"i":{"x":[0.833],"y":[0.833]},"o":{"x":[0.167],"y":[0.167]},"t":0,"s":[6],"e":[6]},{"i":{"x":[0.833],"y":[0.833]},"o":{"x":[0.167],"y":[0.167]},"t":14,"s":[6],"e":[-6]},{"i":{"x":[0.833],"y":[0.833]},"o":{"x":[0.167],"y":[0.167]},"t":22,"s":[-6],"e":[-6]},{"i":{"x":[0.833],"y":[0.833]},"o":{"x":[0.167],"y":[0.167]},"t":36,"s":[-6],"e":[0]},{"i":{"x":[0.833],"y":[0.833]},"o":{"x":[0.167],"y":[0.167]},"t":49,"s":[0],"e":[0]},{"i":{"x":[0.833],"y":[0.833]},"o":{"x":[0.167],"y":[0.167]},"t":85,"s":[0],"e":[6]},{"t":90.0000036657751}],"ix":10},"p":{"a":1,"k":[{"i":{"x":0.667,"y":1},"o":{"x":0.479,"y":0},"t":0,"s":[2532,540,0],"e":[829,540,0],"to":[-283.833,0,0],"ti":[236.5,0,0]},{"i":{"x":0.655,"y":1},"o":{"x":0.403,"y":0},"t":30,"s":[829,540,0],"e":[1113,540,0],"to":[-212.837,0,0],"ti":[26.514,0,0]},{"i":{"x":0.667,"y":1},"o":{"x":0.96,"y":0},"t":81,"s":[1113,540,0],"e":[-761,540,0],"to":[-265,0,0],"ti":[312.333,0,0]},{"t":119.000004846969}],"ix":2},"a":{"a":0,"k":[421,298,0],"ix":1},"s":{"a":0,"k":[170.012,170.012,100],"ix":6}},"ao":0,"shapes":[{"ty":"gr","it":[{"ind":0,"ty":"sh","ix":1,"ks":{"a":0,"k":{"i":[[0,0],[0,0],[0,0],[0,0]],"o":[[0,0],[0,0],[0,0],[0,0]],"v":[[64.25,58.4],[-64.25,58.4],[-64.25,-58.4],[64.25,-58.4]],"c":true},"ix":2},"nm":"Path 1","mn":"ADBE Vector Shape - Group","hd":false},{"ty":"fl","c":{"a":0,"k":[1,0.757000014361,0.352999997606,1],"ix":4},"o":{"a":0,"k":100,"ix":5},"r":1,"bm":0,"nm":"Fill 1","mn":"ADBE Vector Graphic - Fill","hd":false},{"ty":"tr","p":{"a":1,"k":[{"i":{"x":0.833,"y":0.833},"o":{"x":0.167,"y":0.167},"t":22,"s":[225.779,70.733],"e":[222.922,70.733],"to":[-4.053,0],"ti":[9.648,0]},{"i":{"x":0.833,"y":0.833},"o":{"x":0.167,"y":0.167},"t":30,"s":[222.922,70.733],"e":[195.779,70.733],"to":[-3.047,0],"ti":[3,0]},{"i":{"x":0.833,"y":0.833},"o":{"x":0.167,"y":0.167},"t":36,"s":[195.779,70.733],"e":[110.779,70.733],"to":[-12.5,0],"ti":[14.333,0]},{"i":{"x":0.833,"y":0.833},"o":{"x":0.167,"y":0.167},"t":44,"s":[110.779,70.733],"e":[109.779,70.733],"to":[-14.333,0],"ti":[-11.667,0]},{"i":{"x":0.833,"y":0.833},"o":{"x":0.167,"y":0.167},"t":90,"s":[109.779,70.733],"e":[180.779,70.733],"to":[11.667,0],"ti":[-19.333,0]},{"i":{"x":0.833,"y":0.833},"o":{"x":0.167,"y":0.167},"t":95,"s":[180.779,70.733],"e":[225.779,70.733],"to":[19.333,0],"ti":[-7.5,0]},{"t":97.000003950891}],"ix":2},"a":{"a":0,"k":[0,0],"ix":1},"s":{"a":0,"k":[100,100],"ix":3},"r":{"a":0,"k":0,"ix":6},"o":{"a":0,"k":100,"ix":7},"sk":{"a":0,"k":0,"ix":4},"sa":{"a":0,"k":0,"ix":5},"nm":"Transform"}],"nm":"Mala Kutija","np":2,"cix":2,"bm":0,"ix":1,"mn":"ADBE Vector Group","hd":false},{"ty":"gr","it":[{"ind":0,"ty":"sh","ix":1,"ks":{"a":0,"k":{"i":[[0,0],[0,0],[0,0],[0,0]],"o":[[0,0],[0,0],[0,0],[0,0]],"v":[[86.922,79.008],[-86.922,79.008],[-86.922,-79.008],[86.922,-79.008]],"c":true},"ix":2},"nm":"Path 1","mn":"ADBE Vector Shape - Group","hd":false},{"ty":"fl","c":{"a":0,"k":[1,0.757000014361,0.352999997606,1],"ix":4},"o":{"a":0,"k":100,"ix":5},"r":1,"bm":0,"nm":"Fill 1","mn":"ADBE Vector Graphic - Fill","hd":false},{"ty":"tr","p":{"a":1,"k":[{"i":{"x":0.833,"y":0.833},"o":{"x":0.167,"y":0.167},"t":22,"s":[203.107,217.295],"e":[200.68,217.295],"to":[-3.379,0],"ti":[7.821,0]},{"i":{"x":0.833,"y":0.833},"o":{"x":0.167,"y":0.167},"t":30,"s":[200.68,217.295],"e":[152.107,217.295],"to":[-3.753,0],"ti":[1.621,0]},{"i":{"x":0.833,"y":0.833},"o":{"x":0.167,"y":0.167},"t":36,"s":[152.107,217.295],"e":[153.107,217.295],"to":[-5,0],"ti":[0,0]},{"i":{"x":0.833,"y":0.833},"o":{"x":0.167,"y":0.167},"t":90,"s":[153.107,217.295],"e":[203.107,217.295],"to":[0,0],"ti":[0,0]},{"t":95.0000038694293}],"ix":2},"a":{"a":0,"k":[0,0],"ix":1},"s":{"a":0,"k":[100,100],"ix":3},"r":{"a":0,"k":0,"ix":6},"o":{"a":0,"k":100,"ix":7},"sk":{"a":0,"k":0,"ix":4},"sa":{"a":0,"k":0,"ix":5},"nm":"Transform"}],"nm":"Srednja Kutija","np":2,"cix":2,"bm":0,"ix":2,"mn":"ADBE Vector Group","hd":false},{"ty":"gr","it":[{"ind":0,"ty":"sh","ix":1,"ks":{"a":0,"k":{"i":[[0,0],[0,0],[0,0],[0,0]],"o":[[0,0],[0,0],[0,0],[0,0]],"v":[[102.672,93.324],[-102.672,93.324],[-102.672,-93.323],[102.672,-93.323]],"c":true},"ix":2},"nm":"Path 1","mn":"ADBE Vector Shape - Group","hd":false},{"ty":"fl","c":{"a":0,"k":[1,0.757000014361,0.352999997606,1],"ix":4},"o":{"a":0,"k":100,"ix":5},"r":1,"bm":0,"nm":"Fill 1","mn":"ADBE Vector Graphic - Fill","hd":false},{"ty":"tr","p":{"a":0,"k":[187.357,398.781],"ix":2},"a":{"a":0,"k":[0,0],"ix":1},"s":{"a":0,"k":[100,100],"ix":3},"r":{"a":0,"k":0,"ix":6},"o":{"a":0,"k":100,"ix":7},"sk":{"a":0,"k":0,"ix":4},"sa":{"a":0,"k":0,"ix":5},"nm":"Transform"}],"nm":"Velika Kutija","np":2,"cix":2,"bm":0,"ix":3,"mn":"ADBE Vector Group","hd":false},{"ty":"gr","it":[{"ind":0,"ty":"sh","ix":1,"ks":{"a":0,"k":{"i":[[0,34.965],[-34.965,0],[0,-34.966],[34.965,0]],"o":[[0,-34.966],[34.965,0],[0,34.965],[-34.965,0]],"v":[[-63.311,0],[-0.001,-63.31],[63.31,0],[-0.001,63.31]],"c":true},"ix":2},"nm":"Path 1","mn":"ADBE Vector Shape - Group","hd":false},{"ty":"st","c":{"a":0,"k":[1,1,1,1],"ix":3},"o":{"a":0,"k":100,"ix":4},"w":{"a":0,"k":2,"ix":5},"lc":2,"lj":1,"ml":10,"bm":0,"d":[{"n":"d","nm":"dash","v":{"a":0,"k":65,"ix":1}},{"n":"g","nm":"gap","v":{"a":0,"k":65,"ix":2}},{"n":"o","nm":"offset","v":{"a":0,"k":0,"ix":7}}],"nm":"Stroke 1","mn":"ADBE Vector Graphic - Stroke","hd":false},{"ty":"tr","p":{"a":0,"k":[442.699,513.188],"ix":2},"a":{"a":0,"k":[0,0],"ix":1},"s":{"a":0,"k":[100,100],"ix":3},"r":{"a":1,"k":[{"i":{"x":[0.833],"y":[0.833]},"o":{"x":[0.167],"y":[0.167]},"t":0,"s":[0],"e":[-1215]},{"i":{"x":[0.667],"y":[1]},"o":{"x":[0.167],"y":[0.167]},"t":35,"s":[-1215],"e":[-1440]},{"i":{"x":[0.833],"y":[0.833]},"o":{"x":[0.167],"y":[0.167]},"t":48,"s":[-1440],"e":[-1378]},{"i":{"x":[0.833],"y":[0.833]},"o":{"x":[0.167],"y":[0.167]},"t":62,"s":[-1378],"e":[-1080]},{"i":{"x":[0.833],"y":[0.833]},"o":{"x":[0.167],"y":[0.167]},"t":75,"s":[-1080],"e":[-1525.364]},{"i":{"x":[0.833],"y":[0.833]},"o":{"x":[0.167],"y":[0.167]},"t":85,"s":[-1525.364],"e":[-2880]},{"t":119.000004846969}],"ix":6},"o":{"a":0,"k":100,"ix":7},"sk":{"a":0,"k":0,"ix":4},"sa":{"a":0,"k":0,"ix":5},"nm":"Transform"}],"nm":"Big spin","np":2,"cix":2,"bm":0,"ix":4,"mn":"ADBE Vector Group","hd":false},{"ty":"gr","it":[{"ind":0,"ty":"sh","ix":1,"ks":{"a":0,"k":{"i":[[0,-20.95],[20.951,0],[0,20.949],[-20.949,0]],"o":[[0,20.949],[-20.949,0],[0,-20.95],[20.951,0]],"v":[[37.934,0],[-0.001,37.934],[-37.934,0],[-0.001,-37.933]],"c":true},"ix":2},"nm":"Path 1","mn":"ADBE Vector Shape - Group","hd":false},{"ty":"fl","c":{"a":0,"k":[1,0.757000014361,0.352999997606,1],"ix":4},"o":{"a":0,"k":100,"ix":5},"r":1,"bm":0,"nm":"Fill 1","mn":"ADBE Vector Graphic - Fill","hd":false},{"ty":"tr","p":{"a":0,"k":[442.698,513.188],"ix":2},"a":{"a":0,"k":[0,0],"ix":1},"s":{"a":0,"k":[100,100],"ix":3},"r":{"a":0,"k":0,"ix":6},"o":{"a":0,"k":100,"ix":7},"sk":{"a":0,"k":0,"ix":4},"sa":{"a":0,"k":0,"ix":5},"nm":"Transform"}],"nm":"Group 7","np":2,"cix":2,"bm":0,"ix":5,"mn":"ADBE Vector Group","hd":false},{"ty":"gr","it":[{"ind":0,"ty":"sh","ix":1,"ks":{"a":0,"k":{"i":[[0,0],[1.017,0],[0,0],[0,0],[0.129,-0.141],[0.464,-0.09],[0.103,0],[0,0],[-0.721,1.25],[0,0],[0.889,0.515],[0,0],[0,0],[0,0],[-2.126,3.697],[0,1.302],[2.474,1.43],[0,0],[2.125,-3.697],[-3.696,-2.139],[0,0],[0,0],[0,0],[-0.515,0.889],[0,0],[0,0],[0,0],[0,0],[0,0],[0,0],[-6.763,0],[0,0],[0,-13.345]],"o":[[0,1.018],[0,0],[0,0],[-0.065,0.18],[-0.258,0.373],[-0.104,0.014],[0,0],[-1.43,0],[0,0],[0.515,-0.889],[0,0],[0,0],[0,0],[3.683,2.126],[0.708,-1.211],[0,-2.666],[0,0],[-3.698,-2.125],[-2.139,3.685],[0,0],[0,0],[0,0],[-0.89,-0.516],[0,0],[0,0],[0,0],[0,0],[0,0],[0,0],[4.072,-4.753],[0,0],[13.346,0],[0,0]],"v":[[154.008,72.402],[152.154,74.256],[42.633,74.256],[28.514,98.707],[28.232,99.183],[27.097,99.891],[26.775,99.918],[-37.93,99.918],[-39.54,97.122],[-10.711,47.206],[-11.393,44.668],[-18.466,40.585],[-1.346,10.944],[8.316,16.521],[18.853,13.687],[19.896,9.848],[16.031,3.15],[-16.648,-15.722],[-27.185,-12.888],[-24.366,-2.35],[-14.703,3.227],[-31.823,32.868],[-56.401,18.673],[-57.085,16.135],[-51.469,6.409],[16.031,-110.518],[31.555,-137.39],[31.555,-137.402],[35.753,-144.681],[35.779,-144.706],[52.667,-152.461],[129.828,-152.461],[154.008,-128.282]],"c":true},"ix":2},"nm":"Path 1","mn":"ADBE Vector Shape - Group","hd":false},{"ind":1,"ty":"sh","ix":2,"ks":{"a":0,"k":{"i":[[5.539,0],[0,0],[-0.271,1.172],[0,2.035],[0,0],[14.233,0],[0,0],[3.208,-10.563],[0,0],[0,0],[0,0],[0,0],[0,0],[0,0],[0,0],[0.658,0],[0,0],[0.284,0.67],[0,0.244],[0,0],[1.017,0],[0,0],[0,-1.017],[0,0],[-1.017,0],[0,0],[0.091,0.618],[0,3.646],[-7.69,12.418],[0,0],[0,0],[0,0],[0,0],[-5.539,0],[0,0],[0,5.526],[0,0]],"o":[[0,0],[-1.211,0],[0.451,-1.893],[0,0],[0,-14.221],[0,0],[-11.633,0],[0,0],[0,0],[0,0],[0,0],[0,0],[0,0],[0,0],[-0.335,0.567],[0,0],[-0.773,0],[-0.09,-0.219],[0,0],[0,-1.017],[0,0],[-1.017,0],[0,0],[0,1.017],[0,0],[-0.09,-0.618],[-0.463,-3.517],[0,-15.677],[0,0],[0,0],[0,0],[0,0],[0,5.526],[0,0],[5.539,0],[0,0],[0,-5.539]],"v":[[170.509,27.78],[169.44,27.78],[167.636,25.474],[168.319,19.574],[168.319,-139.966],[142.556,-165.729],[41.795,-165.729],[17.139,-147.45],[17.139,-147.437],[-71.693,6.409],[-73.174,8.985],[-73.251,8.947],[-116.417,83.738],[-117.164,85.039],[-117.293,85.258],[-118.904,86.185],[-158.451,86.185],[-160.164,85.039],[-160.305,84.331],[-160.305,-244.63],[-162.16,-246.485],[-178.676,-246.485],[-180.53,-244.63],[-180.53,244.631],[-178.676,246.485],[-153.801,246.485],[-154.072,244.631],[-154.779,233.887],[-142.658,191.145],[-142.658,136.888],[-129.685,114.423],[27.097,114.423],[27.097,125.784],[37.118,135.805],[170.509,135.805],[180.53,125.784],[180.53,37.801]],"c":true},"ix":2},"nm":"Path 2","mn":"ADBE Vector Shape - Group","hd":false},{"ty":"mm","mm":1,"nm":"Merge Paths 1","mn":"ADBE Vector Filter - Merge","hd":false},{"ty":"fl","c":{"a":0,"k":[0,0,0,1],"ix":4},"o":{"a":0,"k":100,"ix":5},"r":1,"bm":0,"nm":"Fill 1","mn":"ADBE Vector Graphic - Fill","hd":false},{"ty":"tr","p":{"a":0,"k":[515.602,277.678],"ix":2},"a":{"a":0,"k":[0,0],"ix":1},"s":{"a":0,"k":[100,100],"ix":3},"r":{"a":0,"k":0,"ix":6},"o":{"a":0,"k":100,"ix":7},"sk":{"a":0,"k":0,"ix":4},"sa":{"a":0,"k":0,"ix":5},"nm":"Transform"}],"nm":"Group 8","np":4,"cix":2,"bm":0,"ix":6,"mn":"ADBE Vector Group","hd":false},{"ty":"gr","it":[{"ind":0,"ty":"sh","ix":1,"ks":{"a":0,"k":{"i":[[0,0],[0,0],[0,0],[0,0],[0,1.989],[0,0],[0,0],[0,0]],"o":[[0,0],[0,0],[0,0],[-1.975,-0.242],[0,0],[0,0],[0,0],[0,0]],"v":[[80.723,-80.723],[80.723,80.723],[58.979,80.723],[-77.264,63.99],[-80.723,60.081],[-80.723,58.966],[58.979,58.966],[58.979,-80.723]],"c":true},"ix":2},"nm":"Path 1","mn":"ADBE Vector Shape - Group","hd":false},{"ty":"fl","c":{"a":0,"k":[0,0,0,1],"ix":4},"o":{"a":0,"k":100,"ix":5},"r":1,"bm":0,"nm":"Fill 1","mn":"ADBE Vector Graphic - Fill","hd":false},{"ty":"tr","p":{"a":0,"k":[239.071,443.44],"ix":2},"a":{"a":0,"k":[0,0],"ix":1},"s":{"a":0,"k":[100,100],"ix":3},"r":{"a":0,"k":0,"ix":6},"o":{"a":0,"k":100,"ix":7},"sk":{"a":0,"k":0,"ix":4},"sa":{"a":0,"k":0,"ix":5},"nm":"Transform"}],"nm":"Fork","np":2,"cix":2,"bm":0,"ix":7,"mn":"ADBE Vector Group","hd":false},{"ty":"gr","it":[{"ind":0,"ty":"sh","ix":1,"ks":{"a":0,"k":{"i":[[0,-4.946],[0,0],[1.017,0],[0,0],[0,4.38],[0,0],[-4.702,0],[0,0],[0,1.017],[0,0],[-5.668,0],[0,0]],"o":[[0,0],[0,1.017],[0,0],[-4.38,0],[0,0],[0,-4.702],[0,0],[1.017,0],[0,0],[0,-5.668],[0,0],[4.947,0]],"v":[[49.814,-43.708],[49.814,50.818],[47.96,52.673],[-41.891,52.673],[-49.813,44.75],[-49.813,42.844],[-41.311,34.342],[28.495,34.342],[30.349,32.488],[30.349,-42.419],[40.604,-52.673],[40.848,-52.673]],"c":true},"ix":2},"nm":"Path 1","mn":"ADBE Vector Shape - Group","hd":false},{"ty":"fl","c":{"a":0,"k":[0,0,0,1],"ix":4},"o":{"a":0,"k":100,"ix":5},"r":1,"bm":0,"nm":"Fill 1","mn":"ADBE Vector Graphic - Fill","hd":false},{"ty":"tr","p":{"a":1,"k":[{"i":{"x":0.833,"y":0.833},"o":{"x":0.167,"y":0.167},"t":22,"s":[606.631,288.673],"e":[593.631,288.673],"to":[-2.167,0],"ti":[1.5,0]},{"i":{"x":0.833,"y":0.833},"o":{"x":0.167,"y":0.167},"t":35,"s":[593.631,288.673],"e":[597.631,288.673],"to":[-1.5,0],"ti":[-2.333,0]},{"i":{"x":0.833,"y":0.833},"o":{"x":0.167,"y":0.167},"t":90,"s":[597.631,288.673],"e":[607.631,288.673],"to":[2.333,0],"ti":[-1.667,0]},{"t":95.0000038694293}],"ix":2},"a":{"a":0,"k":[0,0],"ix":1},"s":{"a":0,"k":[100,100],"ix":3},"r":{"a":0,"k":0,"ix":6},"o":{"a":0,"k":100,"ix":7},"sk":{"a":0,"k":0,"ix":4},"sa":{"a":0,"k":0,"ix":5},"nm":"Transform"}],"nm":"Group 11","np":2,"cix":2,"bm":0,"ix":8,"mn":"ADBE Vector Group","hd":false},{"ty":"gr","it":[{"ind":0,"ty":"sh","ix":1,"ks":{"a":0,"k":{"i":[[0,-18.666],[0,0],[19.671,0],[0,0],[39.02,0],[0.27,-38.941],[0,0],[0,4.289],[38.143,6.724],[4.855,0],[13.603,-10.254],[5.346,-8.643],[0,0],[0,0],[0,0],[0,0],[-5.539,0],[0,0],[0,5.526],[0,0],[5.539,0],[0,0]],"o":[[0,0],[0,19.671],[0,0],[-0.271,-38.941],[-39.006,0],[0,0],[0.645,-4.109],[0,-40.075],[-4.624,-0.824],[-18.344,0],[-8.103,6.08],[0,0],[0,0],[0,0],[0,0],[0,5.526],[0,0],[5.539,0],[0,0],[0,-5.539],[0,0],[18.652,0]],"v":[[192.13,-75.564],[192.13,73.721],[156.499,109.352],[149.556,109.352],[78.629,38.941],[7.716,109.352],[-42.511,109.352],[-41.531,96.754],[-108.658,16.644],[-122.891,15.393],[-171.777,31.727],[-192.13,54.013],[-192.13,-0.245],[-179.159,-22.71],[-22.376,-22.71],[-22.376,-11.349],[-12.354,-1.328],[121.036,-1.328],[131.058,-11.349],[131.058,-99.331],[121.036,-109.353],[158.355,-109.353]],"c":true},"ix":2},"nm":"Path 1","mn":"ADBE Vector Shape - Group","hd":false},{"ty":"fl","c":{"a":0,"k":[1,0.757000014361,0.352999997606,1],"ix":4},"o":{"a":0,"k":100,"ix":5},"r":1,"bm":0,"nm":"Fill 1","mn":"ADBE Vector Graphic - Fill","hd":false},{"ty":"tr","p":{"a":0,"k":[565.075,414.811],"ix":2},"a":{"a":0,"k":[0,0],"ix":1},"s":{"a":0,"k":[100,100],"ix":3},"r":{"a":0,"k":0,"ix":6},"o":{"a":0,"k":100,"ix":7},"sk":{"a":0,"k":0,"ix":4},"sa":{"a":0,"k":0,"ix":5},"nm":"Transform"}],"nm":"Group 12","np":2,"cix":2,"bm":0,"ix":9,"mn":"ADBE Vector Group","hd":false},{"ty":"gr","it":[{"ind":0,"ty":"sh","ix":1,"ks":{"a":0,"k":{"i":[[0,-36.288],[38.529,0],[0,38.529],[-19.824,12.301],[-13.461,0],[-2.177,-0.206]],"o":[[0,38.529],[-38.516,0],[0,-25.055],[10.666,-6.621],[2.229,0],[35.425,3.336]],"v":[[69.755,0],[0,69.755],[-69.754,0],[-36.714,-59.319],[0,-69.754],[6.621,-69.444]],"c":true},"ix":2},"nm":"Path 1","mn":"ADBE Vector Shape - Group","hd":false},{"ty":"st","c":{"a":0,"k":[0,0,0,1],"ix":3},"o":{"a":0,"k":100,"ix":4},"w":{"a":0,"k":1,"ix":5},"lc":1,"lj":1,"ml":10,"bm":0,"nm":"Stroke 1","mn":"ADBE Vector Graphic - Stroke","hd":false},{"ty":"fl","c":{"a":0,"k":[0,0,0,1],"ix":4},"o":{"a":0,"k":100,"ix":5},"r":1,"bm":0,"nm":"Fill 1","mn":"ADBE Vector Graphic - Fill","hd":false},{"ty":"tr","p":{"a":0,"k":[442.699,513.188],"ix":2},"a":{"a":0,"k":[0,0],"ix":1},"s":{"a":0,"k":[100,100],"ix":3},"r":{"a":0,"k":0,"ix":6},"o":{"a":0,"k":100,"ix":7},"sk":{"a":0,"k":0,"ix":4},"sa":{"a":0,"k":0,"ix":5},"nm":"Transform"}],"nm":"Group 13","np":3,"cix":2,"bm":0,"ix":10,"mn":"ADBE Vector Group","hd":false},{"ty":"gr","it":[{"ind":0,"ty":"sh","ix":1,"ks":{"a":0,"k":{"i":[[0,-26.562],[26.562,0],[0,26.562],[-26.562,0]],"o":[[0,26.562],[-26.562,0],[0,-26.562],[26.562,0]],"v":[[48.094,0],[-0.001,48.095],[-48.095,0],[-0.001,-48.094]],"c":true},"ix":2},"nm":"Path 1","mn":"ADBE Vector Shape - Group","hd":false},{"ty":"st","c":{"a":0,"k":[1,1,1,1],"ix":3},"o":{"a":0,"k":100,"ix":4},"w":{"a":0,"k":2,"ix":5},"lc":2,"lj":1,"ml":10,"bm":0,"d":[{"n":"d","nm":"dash","v":{"a":0,"k":50,"ix":1}},{"n":"g","nm":"gap","v":{"a":0,"k":50,"ix":2}},{"n":"o","nm":"offset","v":{"a":0,"k":0,"ix":7}}],"nm":"Stroke 1","mn":"ADBE Vector Graphic - Stroke","hd":false},{"ty":"tr","p":{"a":1,"k":[{"i":{"x":0.833,"y":0.833},"o":{"x":0.167,"y":0.167},"t":0,"s":[643.465,507.164],"e":[643.465,524.564],"to":[0,2.9],"ti":[0,-6.733]},{"i":{"x":0.833,"y":0.833},"o":{"x":0.167,"y":0.167},"t":18,"s":[643.465,524.564],"e":[643.465,547.564],"to":[0,6.733],"ti":[0,-3.633]},{"t":22,"s":[643.465,547.564],"h":1},{"i":{"x":0.833,"y":0.833},"o":{"x":0.167,"y":0.167},"t":37,"s":[643.465,546.364],"e":[643.465,525.364],"to":[0,-3.7],"ti":[0,3.467]},{"i":{"x":0.833,"y":0.833},"o":{"x":0.167,"y":0.167},"t":49,"s":[643.465,525.364],"e":[643.465,525.564],"to":[0,-3.467],"ti":[0,3.467]},{"i":{"x":0.833,"y":0.833},"o":{"x":0.167,"y":0.167},"t":85,"s":[643.465,525.564],"e":[643.465,504.564],"to":[0,-3.467],"ti":[0,3.5]},{"t":90.0000036657751}],"ix":2},"a":{"a":0,"k":[0,0],"ix":1},"s":{"a":0,"k":[100,100],"ix":3},"r":{"a":1,"k":[{"i":{"x":[0.833],"y":[0.833]},"o":{"x":[0.167],"y":[0.167]},"t":0,"s":[0],"e":[-1215]},{"i":{"x":[0.667],"y":[1]},"o":{"x":[0.167],"y":[0.167]},"t":43,"s":[-1215],"e":[-1440]},{"i":{"x":[0.833],"y":[0.833]},"o":{"x":[0.167],"y":[0.167]},"t":56,"s":[-1440],"e":[-1378]},{"i":{"x":[0.833],"y":[0.833]},"o":{"x":[0.167],"y":[0.167]},"t":66,"s":[-1378],"e":[-1080]},{"i":{"x":[0.833],"y":[0.833]},"o":{"x":[0.167],"y":[0.167]},"t":75,"s":[-1080],"e":[-1525.364]},{"i":{"x":[0.833],"y":[0.833]},"o":{"x":[0.167],"y":[0.167]},"t":85,"s":[-1525.364],"e":[-2880]},{"t":119.000004846969}],"ix":6},"o":{"a":0,"k":100,"ix":7},"sk":{"a":0,"k":0,"ix":4},"sa":{"a":0,"k":0,"ix":5},"nm":"Transform"}],"nm":"Small spin","np":2,"cix":2,"bm":0,"ix":11,"mn":"ADBE Vector Group","hd":false},{"ty":"gr","it":[{"ind":0,"ty":"sh","ix":1,"ks":{"a":0,"k":{"i":[[0,14.439],[14.44,0],[0,-14.439],[-14.439,0]],"o":[[0,-14.439],[-14.439,0],[0,14.439],[14.44,0]],"v":[[26.145,0],[0,-26.145],[-26.145,0],[0,26.146]],"c":true},"ix":2},"nm":"Path 1","mn":"ADBE Vector Shape - Group","hd":false},{"ty":"st","c":{"a":0,"k":[0,0,0,1],"ix":3},"o":{"a":0,"k":100,"ix":4},"w":{"a":0,"k":1,"ix":5},"lc":1,"lj":1,"ml":10,"bm":0,"nm":"Stroke 1","mn":"ADBE Vector Graphic - Stroke","hd":false},{"ty":"fl","c":{"a":0,"k":[1,0.757000014361,0.352999997606,1],"ix":4},"o":{"a":0,"k":100,"ix":5},"r":1,"bm":0,"nm":"Fill 1","mn":"ADBE Vector Graphic - Fill","hd":false},{"ty":"tr","p":{"a":1,"k":[{"i":{"x":0.833,"y":0.833},"o":{"x":0.167,"y":0.167},"t":0,"s":[643.464,507.164],"e":[643.464,524.564],"to":[0,2.9],"ti":[0,-6.733]},{"i":{"x":0.833,"y":0.833},"o":{"x":0.167,"y":0.167},"t":18,"s":[643.464,524.564],"e":[643.464,547.564],"to":[0,6.733],"ti":[0,-3.633]},{"t":22,"s":[643.464,547.564],"h":1},{"i":{"x":0.833,"y":0.833},"o":{"x":0.167,"y":0.167},"t":37,"s":[643.464,546.364],"e":[643.464,525.364],"to":[0,-3.7],"ti":[0,3.467]},{"i":{"x":0.833,"y":0.833},"o":{"x":0.167,"y":0.167},"t":49,"s":[643.464,525.364],"e":[643.464,525.564],"to":[0,-3.467],"ti":[0,3.467]},{"i":{"x":0.833,"y":0.833},"o":{"x":0.167,"y":0.167},"t":85,"s":[643.464,525.564],"e":[643.464,504.564],"to":[0,-3.467],"ti":[0,3.5]},{"t":90.0000036657751}],"ix":2},"a":{"a":0,"k":[0,0],"ix":1},"s":{"a":0,"k":[100,100],"ix":3},"r":{"a":0,"k":0,"ix":6},"o":{"a":0,"k":100,"ix":7},"sk":{"a":0,"k":0,"ix":4},"sa":{"a":0,"k":0,"ix":5},"nm":"Transform"}],"nm":"Group 6","np":3,"cix":2,"bm":0,"ix":12,"mn":"ADBE Vector Group","hd":false},{"ty":"gr","it":[{"ind":0,"ty":"sh","ix":1,"ks":{"a":0,"k":{"i":[[0,-31.198],[31.198,0],[0,31.199],[-31.199,0]],"o":[[0,31.199],[-31.199,0],[0,-31.198],[31.198,0]],"v":[[56.49,0],[0,56.49],[-56.49,0],[0,-56.489]],"c":true},"ix":2},"nm":"Path 1","mn":"ADBE Vector Shape - Group","hd":false},{"ty":"st","c":{"a":0,"k":[0,0,0,1],"ix":3},"o":{"a":0,"k":100,"ix":4},"w":{"a":0,"k":1,"ix":5},"lc":1,"lj":1,"ml":10,"bm":0,"nm":"Stroke 1","mn":"ADBE Vector Graphic - Stroke","hd":false},{"ty":"fl","c":{"a":0,"k":[0,0,0,1],"ix":4},"o":{"a":0,"k":100,"ix":5},"r":1,"bm":0,"nm":"Fill 1","mn":"ADBE Vector Graphic - Fill","hd":false},{"ty":"tr","p":{"a":1,"k":[{"i":{"x":0.833,"y":0.833},"o":{"x":0.167,"y":0.167},"t":0,"s":[643.465,507.164],"e":[643.465,524.564],"to":[0,2.9],"ti":[0,-6.733]},{"i":{"x":0.833,"y":0.833},"o":{"x":0.167,"y":0.167},"t":18,"s":[643.465,524.564],"e":[643.465,547.564],"to":[0,6.733],"ti":[0,-3.633]},{"t":22,"s":[643.465,547.564],"h":1},{"i":{"x":0.833,"y":0.833},"o":{"x":0.167,"y":0.167},"t":37,"s":[643.465,546.364],"e":[643.465,525.364],"to":[0,-3.7],"ti":[0,3.467]},{"i":{"x":0.833,"y":0.833},"o":{"x":0.167,"y":0.167},"t":49,"s":[643.465,525.364],"e":[643.465,525.564],"to":[0,-3.467],"ti":[0,3.467]},{"i":{"x":0.833,"y":0.833},"o":{"x":0.167,"y":0.167},"t":85,"s":[643.465,525.564],"e":[643.465,504.564],"to":[0,-3.467],"ti":[0,3.5]},{"t":90.0000036657751}],"ix":2},"a":{"a":0,"k":[0,0],"ix":1},"s":{"a":0,"k":[100,100],"ix":3},"r":{"a":0,"k":0,"ix":6},"o":{"a":0,"k":100,"ix":7},"sk":{"a":0,"k":0,"ix":4},"sa":{"a":0,"k":0,"ix":5},"nm":"Transform"}],"nm":"Group 9","np":3,"cix":2,"bm":0,"ix":13,"mn":"ADBE Vector Group","hd":false}],"ip":0,"op":120.0000048877,"st":0,"bm":0}],"markers":[]}